[{"model": "admin.logentry", "pk": 1, "fields": {"action_time": "2021-03-17T11:53:07.239Z", "user": 1, "content_type": 7, "object_id": "1", "object_repr": "innerpurr.example.com", "action_flag": 2, "change_message": "[{\"changed\": {\"fields\": [\"Domain name\", \"Display name\"]}}]"}}, {"model": "admin.logentry", "pk": 2, "fields": {"action_time": "2021-03-17T12:10:41.298Z", "user": 1, "content_type": 8, "object_id": "1", "object_repr": "sean.mcmahon87@gmail.com", "action_flag": 2, "change_message": "[{\"changed\": {\"fields\": [\"Verified\", \"Primary\"]}}]"}}, {"model": "admin.logentry", "pk": 3, "fields": {"action_time": "2021-04-06T15:29:17.739Z", "user": 1, "content_type": 14, "object_id": "1", "object_repr": "Clothing", "action_flag": 1, "change_message": "[{\"added\": {}}]"}}, {"model": "admin.logentry", "pk": 4, "fields": {"action_time": "2021-04-06T15:38:21.960Z", "user": 1, "content_type": 13, "object_id": "1", "object_repr": "Men's Facemask", "action_flag": 1, "change_message": "[{\"added\": {}}]"}}, {"model": "admin.logentry", "pk": 5, "fields": {"action_time": "2021-04-08T11:07:54.686Z", "user": 1, "content_type": 14, "object_id": "2", "object_repr": "Accessories", "action_flag": 1, "change_message": "[{\"added\": {}}]"}}, {"model": "admin.logentry", "pk": 6, "fields": {"action_time": "2021-04-08T11:10:33.843Z", "user": 1, "content_type": 13, "object_id": "2", "object_repr": "Keyrings", "action_flag": 1, "change_message": "[{\"added\": {}}]"}}, {"model": "admin.logentry", "pk": 7, "fields": {"action_time": "2021-04-08T14:18:23.119Z", "user": 1, "content_type": 14, "object_id": "3", "object_repr": "cards", "action_flag": 1, "change_message": "[{\"added\": {}}]"}}, {"model": "admin.logentry", "pk": 8, "fields": {"action_time": "2021-04-08T14:23:51.229Z", "user": 1, "content_type": 13, "object_id": "2", "object_repr": "Keyrings", "action_flag": 2, "change_message": "[{\"changed\": {\"fields\": [\"Sku\"]}}]"}}, {"model": "admin.logentry", "pk": 9, "fields": {"action_time": "2021-04-08T14:24:08.624Z", "user": 1, "content_type": 13, "object_id": "1", "object_repr": "Men's Facemask", "action_flag": 2, "change_message": "[{\"changed\": {\"fields\": [\"Sku\"]}}]"}}, {"model": "admin.logentry", "pk": 10, "fields": {"action_time": "2021-04-08T14:27:00.896Z", "user": 1, "content_type": 13, "object_id": "3", "object_repr": "Ginger Cat Christmas Cards (4)", "action_flag": 1, "change_message": "[{\"added\": {}}]"}}, {"model": "admin.logentry", "pk": 11, "fields": {"action_time": "2021-04-08T14:28:03.119Z", "user": 1, "content_type": 13, "object_id": "3", "object_repr": "Ginger Cat Christmas Cards (4)", "action_flag": 2, "change_message": "[{\"changed\": {\"fields\": [\"Image\"]}}]"}}, {"model": "admin.logentry", "pk": 12, "fields": {"action_time": "2021-04-09T12:11:47.285Z", "user": 1, "content_type": 13, "object_id": "4", "object_repr": "Kitten Christmas Cards (4)", "action_flag": 1, "change_message": "[{\"added\": {}}]"}}, {"model": "admin.logentry", "pk": 13, "fields": {"action_time": "2021-04-09T12:14:59.719Z", "user": 1, "content_type": 13, "object_id": "1", "object_repr": "Men's Facemask (Black Paws)", "action_flag": 2, "change_message": "[{\"changed\": {\"fields\": [\"Name\"]}}]"}}, {"model": "admin.logentry", "pk": 14, "fields": {"action_time": "2021-04-09T12:16:36.282Z", "user": 1, "content_type": 13, "object_id": "5", "object_repr": "Men's Facemask (Blue Paws)", "action_flag": 1, "change_message": "[{\"added\": {}}]"}}, {"model": "admin.logentry", "pk": 15, "fields": {"action_time": "2021-04-13T11:20:37.626Z", "user": 1, "content_type": 14, "object_id": "2", "object_repr": "accessories", "action_flag": 2, "change_message": "[{\"changed\": {\"fields\": [\"Name\"]}}]"}}, {"model": "admin.logentry", "pk": 16, "fields": {"action_time": "2021-04-13T17:05:17.731Z", "user": 1, "content_type": 13, "object_id": "3", "object_repr": "Ginger Cat Christmas Cards (4)", "action_flag": 2, "change_message": "[{\"changed\": {\"fields\": [\"Category\"]}}]"}}, {"model": "admin.logentry", "pk": 17, "fields": {"action_time": "2021-04-14T14:54:55.657Z", "user": 1, "content_type": 13, "object_id": "6", "object_repr": "Graphic Tee (women's)", "action_flag": 1, "change_message": "[{\"added\": {}}]"}}, {"model": "admin.logentry", "pk": 18, "fields": {"action_time": "2021-04-14T14:55:06.563Z", "user": 1, "content_type": 13, "object_id": "5", "object_repr": "Men's Facemask (Blue Paws)", "action_flag": 2, "change_message": "[{\"changed\": {\"fields\": [\"Category\"]}}]"}}, {"model": "admin.logentry", "pk": 19, "fields": {"action_time": "2021-04-14T14:55:15.155Z", "user": 1, "content_type": 13, "object_id": "1", "object_repr": "Men's Facemask (Black Paws)", "action_flag": 2, "change_message": "[{\"changed\": {\"fields\": [\"Category\"]}}]"}}, {"model": "admin.logentry", "pk": 20, "fields": {"action_time": "2021-04-14T14:55:34.966Z", "user": 1, "content_type": 13, "object_id": "1", "object_repr": "Men's Facemask (Black Paws)", "action_flag": 2, "change_message": "[{\"changed\": {\"fields\": [\"Sku\"]}}]"}}, {"model": "admin.logentry", "pk": 21, "fields": {"action_time": "2021-04-14T14:55:47.433Z", "user": 1, "content_type": 13, "object_id": "6", "object_repr": "Graphic Tee (women's)", "action_flag": 2, "change_message": "[{\"changed\": {\"fields\": [\"Sku\"]}}]"}}, {"model": "admin.logentry", "pk": 22, "fields": {"action_time": "2021-04-15T13:19:44.542Z", "user": 1, "content_type": 13, "object_id": "7", "object_repr": "T-Shirt Female", "action_flag": 1, "change_message": "[{\"added\": {}}]"}}, {"model": "admin.logentry", "pk": 23, "fields": {"action_time": "2021-04-15T13:20:05.545Z", "user": 1, "content_type": 13, "object_id": "6", "object_repr": "Graphic Tee (women's)", "action_flag": 3, "change_message": ""}}, {"model": "admin.logentry", "pk": 24, "fields": {"action_time": "2021-04-15T16:06:40.189Z", "user": 1, "content_type": 13, "object_id": "8", "object_repr": "Ladies t-shirt", "action_flag": 1, "change_message": "[{\"added\": {}}]"}}, {"model": "admin.logentry", "pk": 25, "fields": {"action_time": "2021-04-15T16:08:03.027Z", "user": 1, "content_type": 13, "object_id": "7", "object_repr": "Women's Mr Buttons T-Shirt", "action_flag": 2, "change_message": "[{\"changed\": {\"fields\": [\"Name\"]}}]"}}, {"model": "admin.logentry", "pk": 26, "fields": {"action_time": "2021-04-15T16:08:17.489Z", "user": 1, "content_type": 13, "object_id": "8", "object_repr": "Women's Mr Buttons T-Shirt", "action_flag": 2, "change_message": "[{\"changed\": {\"fields\": [\"Name\"]}}]"}}, {"model": "admin.logentry", "pk": 27, "fields": {"action_time": "2021-04-15T16:08:31.394Z", "user": 1, "content_type": 13, "object_id": "7", "object_repr": "Women's Mr Buttons T-Shirt", "action_flag": 2, "change_message": "[{\"changed\": {\"fields\": [\"Description\"]}}]"}}, {"model": "admin.logentry", "pk": 28, "fields": {"action_time": "2021-04-15T16:09:36.310Z", "user": 1, "content_type": 13, "object_id": "9", "object_repr": "Women's Mr Buttons T-Shirt", "action_flag": 1, "change_message": "[{\"added\": {}}]"}}, {"model": "admin.logentry", "pk": 29, "fields": {"action_time": "2021-04-15T16:10:01.726Z", "user": 1, "content_type": 13, "object_id": "9", "object_repr": "Women's Mr Buttons T-Shirt", "action_flag": 2, "change_message": "[{\"changed\": {\"fields\": [\"Image\"]}}]"}}, {"model": "admin.logentry", "pk": 30, "fields": {"action_time": "2021-04-15T16:11:03.708Z", "user": 1, "content_type": 13, "object_id": "10", "object_repr": "Men's Mr Buttons T-Shirt", "action_flag": 1, "change_message": "[{\"added\": {}}]"}}, {"model": "admin.logentry", "pk": 31, "fields": {"action_time": "2021-04-15T16:12:06.948Z", "user": 1, "content_type": 13, "object_id": "11", "object_repr": "Men's Mr Buttons t-shirt", "action_flag": 1, "change_message": "[{\"added\": {}}]"}}, {"model": "admin.logentry", "pk": 32, "fields": {"action_time": "2021-04-15T16:14:32.631Z", "user": 1, "content_type": 13, "object_id": "12", "object_repr": "Men's Mr Buttons Long-Sleeve T-Shirt", "action_flag": 1, "change_message": "[{\"added\": {}}]"}}, {"model": "admin.logentry", "pk": 33, "fields": {"action_time": "2021-04-15T16:15:47.476Z", "user": 1, "content_type": 13, "object_id": "13", "object_repr": "Men's Mr Buttons Long-Sleeve T-Shirt", "action_flag": 1, "change_message": "[{\"added\": {}}]"}}, {"model": "admin.logentry", "pk": 34, "fields": {"action_time": "2021-04-15T16:16:46.341Z", "user": 1, "content_type": 13, "object_id": "13", "object_repr": "Men's Mr Buttons Long-Sleeve T-Shirt", "action_flag": 2, "change_message": "[{\"changed\": {\"fields\": [\"Image\"]}}]"}}, {"model": "admin.logentry", "pk": 35, "fields": {"action_time": "2021-04-15T16:16:55.325Z", "user": 1, "content_type": 13, "object_id": "12", "object_repr": "Men's Mr Buttons Long-Sleeve T-Shirt", "action_flag": 2, "change_message": "[{\"changed\": {\"fields\": [\"Description\"]}}]"}}, {"model": "admin.logentry", "pk": 36, "fields": {"action_time": "2021-04-15T16:19:08.065Z", "user": 1, "content_type": 13, "object_id": "14", "object_repr": "Mr Buttons Buttons (5)", "action_flag": 1, "change_message": "[{\"added\": {}}]"}}, {"model": "admin.logentry", "pk": 37, "fields": {"action_time": "2021-04-15T16:23:38.589Z", "user": 1, "content_type": 13, "object_id": "15", "object_repr": "Mr Buttons Cap", "action_flag": 1, "change_message": "[{\"added\": {}}]"}}, {"model": "admin.logentry", "pk": 38, "fields": {"action_time": "2021-04-15T16:24:29.650Z", "user": 1, "content_type": 13, "object_id": "16", "object_repr": "Mr Buttons Cap", "action_flag": 1, "change_message": "[{\"added\": {}}]"}}, {"model": "admin.logentry", "pk": 39, "fields": {"action_time": "2021-04-15T16:25:20.397Z", "user": 1, "content_type": 13, "object_id": "17", "object_repr": "Mr Buttons Mug", "action_flag": 1, "change_message": "[{\"added\": {}}]"}}, {"model": "admin.logentry", "pk": 40, "fields": {"action_time": "2021-04-15T16:26:10.560Z", "user": 1, "content_type": 13, "object_id": "18", "object_repr": "Mr Buttons Mug", "action_flag": 1, "change_message": "[{\"added\": {}}]"}}, {"model": "admin.logentry", "pk": 41, "fields": {"action_time": "2021-04-15T16:27:08.352Z", "user": 1, "content_type": 13, "object_id": "19", "object_repr": "Mr Buttons iPhone 4 Case", "action_flag": 1, "change_message": "[{\"added\": {}}]"}}, {"model": "admin.logentry", "pk": 42, "fields": {"action_time": "2021-04-15T16:28:10.543Z", "user": 1, "content_type": 13, "object_id": "20", "object_repr": "Mr Buttons iPhone 7-8 Case", "action_flag": 1, "change_message": "[{\"added\": {}}]"}}, {"model": "admin.logentry", "pk": 43, "fields": {"action_time": "2021-04-15T16:28:55.214Z", "user": 1, "content_type": 13, "object_id": "21", "object_repr": "Mr Buttons iPhone 10 Case", "action_flag": 1, "change_message": "[{\"added\": {}}]"}}, {"model": "admin.logentry", "pk": 44, "fields": {"action_time": "2021-04-15T16:29:49.651Z", "user": 1, "content_type": 13, "object_id": "22", "object_repr": "Mr Buttons Tote Bag", "action_flag": 1, "change_message": "[{\"added\": {}}]"}}, {"model": "admin.logentry", "pk": 45, "fields": {"action_time": "2021-04-15T16:30:35.605Z", "user": 1, "content_type": 13, "object_id": "23", "object_repr": "Mr Buttons Tote Bag", "action_flag": 1, "change_message": "[{\"added\": {}}]"}}, {"model": "admin.logentry", "pk": 46, "fields": {"action_time": "2021-04-22T16:08:16.996Z", "user": 1, "content_type": 16, "object_id": "1", "object_repr": "8C1B86D1272C40FEB5339DAD9BE1D1D2", "action_flag": 2, "change_message": "[{\"changed\": {\"name\": \"order line item\", \"object\": \"SKU 10000004 on order 8C1B86D1272C40FEB5339DAD9BE1D1D2\", \"fields\": [\"Quantity\"]}}]"}}, {"model": "admin.logentry", "pk": 47, "fields": {"action_time": "2021-04-22T16:08:36.618Z", "user": 1, "content_type": 16, "object_id": "1", "object_repr": "8C1B86D1272C40FEB5339DAD9BE1D1D2", "action_flag": 2, "change_message": "[{\"changed\": {\"name\": \"order line item\", \"object\": \"SKU 10000004 on order 8C1B86D1272C40FEB5339DAD9BE1D1D2\", \"fields\": [\"Quantity\"]}}]"}}, {"model": "admin.logentry", "pk": 48, "fields": {"action_time": "2021-04-22T16:09:12.707Z", "user": 1, "content_type": 16, "object_id": "1", "object_repr": "8C1B86D1272C40FEB5339DAD9BE1D1D2", "action_flag": 2, "change_message": "[{\"deleted\": {\"name\": \"order line item\", \"object\": \"SKU 10000004 on order 8C1B86D1272C40FEB5339DAD9BE1D1D2\"}}]"}}, {"model": "admin.logentry", "pk": 49, "fields": {"action_time": "2021-05-05T15:41:19.644Z", "user": 1, "content_type": 19, "object_id": "1", "object_repr": "Current", "action_flag": 1, "change_message": "[{\"added\": {}}]"}}, {"model": "admin.logentry", "pk": 50, "fields": {"action_time": "2021-05-05T15:41:30.727Z", "user": 1, "content_type": 18, "object_id": "1", "object_repr": "Male", "action_flag": 1, "change_message": "[{\"added\": {}}]"}}, {"model": "admin.logentry", "pk": 51, "fields": {"action_time": "2021-05-05T15:43:12.616Z", "user": 1, "content_type": 20, "object_id": "1", "object_repr": "Max", "action_flag": 1, "change_message": "[{\"added\": {}}]"}}, {"model": "admin.logentry", "pk": 52, "fields": {"action_time": "2021-05-05T15:43:58.458Z", "user": 1, "content_type": 19, "object_id": "2", "object_repr": "Past", "action_flag": 1, "change_message": "[{\"added\": {}}]"}}, {"model": "admin.logentry", "pk": 53, "fields": {"action_time": "2021-05-05T15:44:08.288Z", "user": 1, "content_type": 18, "object_id": "2", "object_repr": "Female", "action_flag": 1, "change_message": "[{\"added\": {}}]"}}, {"model": "admin.logentry", "pk": 54, "fields": {"action_time": "2021-05-07T16:26:07.257Z", "user": 1, "content_type": 20, "object_id": "2", "object_repr": "Bonny", "action_flag": 1, "change_message": "[{\"added\": {}}]"}}, {"model": "admin.logentry", "pk": 55, "fields": {"action_time": "2021-05-07T16:27:53.874Z", "user": 1, "content_type": 20, "object_id": "3", "object_repr": "Theresa", "action_flag": 1, "change_message": "[{\"added\": {}}]"}}, {"model": "admin.logentry", "pk": 56, "fields": {"action_time": "2021-05-07T16:29:02.998Z", "user": 1, "content_type": 20, "object_id": "4", "object_repr": "Marvin", "action_flag": 1, "change_message": "[{\"added\": {}}]"}}, {"model": "admin.logentry", "pk": 57, "fields": {"action_time": "2021-05-07T16:31:01.935Z", "user": 1, "content_type": 20, "object_id": "5", "object_repr": "Ruthy", "action_flag": 1, "change_message": "[{\"added\": {}}]"}}, {"model": "admin.logentry", "pk": 58, "fields": {"action_time": "2021-05-07T16:31:59.892Z", "user": 1, "content_type": 20, "object_id": "6", "object_repr": "Rodney", "action_flag": 1, "change_message": "[{\"added\": {}}]"}}, {"model": "admin.logentry", "pk": 59, "fields": {"action_time": "2021-05-07T16:34:40.637Z", "user": 1, "content_type": 20, "object_id": "7", "object_repr": "Rupert", "action_flag": 1, "change_message": "[{\"added\": {}}]"}}, {"model": "admin.logentry", "pk": 60, "fields": {"action_time": "2021-05-07T16:47:00.122Z", "user": 1, "content_type": 20, "object_id": "2", "object_repr": "Bonny", "action_flag": 2, "change_message": "[{\"changed\": {\"fields\": [\"Description\"]}}]"}}, {"model": "admin.logentry", "pk": 61, "fields": {"action_time": "2021-05-07T16:50:07.687Z", "user": 1, "content_type": 20, "object_id": "3", "object_repr": "Theresa", "action_flag": 2, "change_message": "[{\"changed\": {\"fields\": [\"Description\"]}}]"}}, {"model": "admin.logentry", "pk": 62, "fields": {"action_time": "2021-05-07T16:50:54.016Z", "user": 1, "content_type": 20, "object_id": "3", "object_repr": "Theresa", "action_flag": 2, "change_message": "[{\"changed\": {\"fields\": [\"Description\"]}}]"}}, {"model": "admin.logentry", "pk": 63, "fields": {"action_time": "2021-05-07T16:53:01.340Z", "user": 1, "content_type": 20, "object_id": "3", "object_repr": "Theresa", "action_flag": 2, "change_message": "[{\"changed\": {\"fields\": [\"Description\"]}}]"}}, {"model": "admin.logentry", "pk": 64, "fields": {"action_time": "2021-05-07T16:54:34.212Z", "user": 1, "content_type": 20, "object_id": "3", "object_repr": "Theresa", "action_flag": 2, "change_message": "[{\"changed\": {\"fields\": [\"Description\"]}}]"}}, {"model": "admin.logentry", "pk": 65, "fields": {"action_time": "2021-05-07T16:57:13.943Z", "user": 1, "content_type": 20, "object_id": "3", "object_repr": "Theresa", "action_flag": 2, "change_message": "[{\"changed\": {\"fields\": [\"Description\"]}}]"}}, {"model": "admin.logentry", "pk": 66, "fields": {"action_time": "2021-05-07T17:00:19.363Z", "user": 1, "content_type": 20, "object_id": "4", "object_repr": "Marvin", "action_flag": 2, "change_message": "[{\"changed\": {\"fields\": [\"Description\"]}}]"}}, {"model": "admin.logentry", "pk": 67, "fields": {"action_time": "2021-05-07T17:02:56.256Z", "user": 1, "content_type": 18, "object_id": "3", "object_repr": "Undetermined", "action_flag": 1, "change_message": "[{\"added\": {}}]"}}, {"model": "admin.logentry", "pk": 68, "fields": {"action_time": "2021-05-07T17:03:03.961Z", "user": 1, "content_type": 18, "object_id": "4", "object_repr": "Group", "action_flag": 1, "change_message": "[{\"added\": {}}]"}}, {"model": "admin.logentry", "pk": 69, "fields": {"action_time": "2021-05-07T17:03:57.432Z", "user": 1, "content_type": 20, "object_id": "8", "object_repr": "The Boys", "action_flag": 1, "change_message": "[{\"added\": {}}]"}}, {"model": "admin.logentry", "pk": 70, "fields": {"action_time": "2021-05-07T17:04:15.119Z", "user": 1, "content_type": 20, "object_id": "8", "object_repr": "The Boys", "action_flag": 2, "change_message": "[{\"changed\": {\"fields\": [\"Image\"]}}]"}}, {"model": "admin.logentry", "pk": 71, "fields": {"action_time": "2021-05-07T17:05:39.030Z", "user": 1, "content_type": 20, "object_id": "1", "object_repr": "Max", "action_flag": 2, "change_message": "[{\"changed\": {\"fields\": [\"Description\"]}}]"}}, {"model": "admin.logentry", "pk": 72, "fields": {"action_time": "2021-05-07T17:08:21.824Z", "user": 1, "content_type": 20, "object_id": "6", "object_repr": "Rodney", "action_flag": 2, "change_message": "[{\"changed\": {\"fields\": [\"Description\"]}}]"}}, {"model": "admin.logentry", "pk": 73, "fields": {"action_time": "2021-05-07T17:08:59.137Z", "user": 1, "content_type": 20, "object_id": "7", "object_repr": "Rupert", "action_flag": 2, "change_message": "[{\"changed\": {\"fields\": [\"Description\"]}}]"}}, {"model": "admin.logentry", "pk": 74, "fields": {"action_time": "2021-05-07T17:10:24.670Z", "user": 1, "content_type": 20, "object_id": "5", "object_repr": "Ruthy", "action_flag": 2, "change_message": "[{\"changed\": {\"fields\": [\"Description\"]}}]"}}, {"model": "admin.logentry", "pk": 75, "fields": {"action_time": "2021-05-07T17:10:47.237Z", "user": 1, "content_type": 20, "object_id": "3", "object_repr": "Theresa", "action_flag": 2, "change_message": "[{\"changed\": {\"fields\": [\"Description\"]}}]"}}, {"model": "admin.logentry", "pk": 76, "fields": {"action_time": "2021-05-11T12:30:47.138Z", "user": 1, "content_type": 20, "object_id": "1", "object_repr": "Bonny", "action_flag": 1, "change_message": "[{\"added\": {}}]"}}, {"model": "admin.logentry", "pk": 77, "fields": {"action_time": "2021-05-11T12:31:09.656Z", "user": 1, "content_type": 20, "object_id": "1", "object_repr": "Bonny", "action_flag": 2, "change_message": "[{\"changed\": {\"fields\": [\"Sex\"]}}]"}}, {"model": "admin.logentry", "pk": 78, "fields": {"action_time": "2021-05-11T12:34:36.569Z", "user": 1, "content_type": 20, "object_id": "1", "object_repr": "Bonny", "action_flag": 2, "change_message": "[{\"changed\": {\"fields\": [\"Microchipped\", \"Vaccinated\"]}}]"}}, {"model": "admin.logentry", "pk": 79, "fields": {"action_time": "2021-05-11T12:40:56.018Z", "user": 1, "content_type": 20, "object_id": "2", "object_repr": "Theresa", "action_flag": 1, "change_message": "[{\"added\": {}}]"}}, {"model": "admin.logentry", "pk": 80, "fields": {"action_time": "2021-05-11T12:46:02.875Z", "user": 1, "content_type": 20, "object_id": "3", "object_repr": "Marvin", "action_flag": 1, "change_message": "[{\"added\": {}}]"}}, {"model": "admin.logentry", "pk": 81, "fields": {"action_time": "2021-05-11T12:48:37.569Z", "user": 1, "content_type": 20, "object_id": "4", "object_repr": "Max", "action_flag": 1, "change_message": "[{\"added\": {}}]"}}, {"model": "admin.logentry", "pk": 82, "fields": {"action_time": "2021-05-11T12:50:29.072Z", "user": 1, "content_type": 20, "object_id": "5", "object_repr": "Rodney", "action_flag": 1, "change_message": "[{\"added\": {}}]"}}, {"model": "admin.logentry", "pk": 83, "fields": {"action_time": "2021-05-11T12:52:26.541Z", "user": 1, "content_type": 20, "object_id": "6", "object_repr": "Ruthy", "action_flag": 1, "change_message": "[{\"added\": {}}]"}}, {"model": "admin.logentry", "pk": 84, "fields": {"action_time": "2021-05-11T12:54:28.449Z", "user": 1, "content_type": 20, "object_id": "7", "object_repr": "The Boys", "action_flag": 1, "change_message": "[{\"added\": {}}]"}}, {"model": "admin.logentry", "pk": 85, "fields": {"action_time": "2021-05-11T12:56:22.477Z", "user": 1, "content_type": 20, "object_id": "8", "object_repr": "Rupert", "action_flag": 1, "change_message": "[{\"added\": {}}]"}}, {"model": "admin.logentry", "pk": 86, "fields": {"action_time": "2021-05-11T15:28:43.061Z", "user": 1, "content_type": 20, "object_id": "8", "object_repr": "Rupert", "action_flag": 2, "change_message": "[{\"changed\": {\"fields\": [\"Profile\"]}}]"}}, {"model": "admin.logentry", "pk": 87, "fields": {"action_time": "2021-05-11T15:30:52.092Z", "user": 1, "content_type": 20, "object_id": "8", "object_repr": "Rupert", "action_flag": 2, "change_message": "[{\"changed\": {\"fields\": [\"Profile\"]}}]"}}, {"model": "admin.logentry", "pk": 88, "fields": {"action_time": "2021-05-11T15:32:29.294Z", "user": 1, "content_type": 20, "object_id": "8", "object_repr": "Rupert", "action_flag": 2, "change_message": "[{\"changed\": {\"fields\": [\"Profile\"]}}]"}}, {"model": "admin.logentry", "pk": 89, "fields": {"action_time": "2021-05-11T15:49:13.870Z", "user": 1, "content_type": 20, "object_id": "8", "object_repr": "Rupert", "action_flag": 2, "change_message": "[{\"changed\": {\"fields\": [\"Profile\"]}}]"}}, {"model": "admin.logentry", "pk": 90, "fields": {"action_time": "2021-05-11T15:56:20.778Z", "user": 1, "content_type": 20, "object_id": "2", "object_repr": "Theresa", "action_flag": 2, "change_message": "[{\"changed\": {\"fields\": [\"Profile\"]}}]"}}, {"model": "admin.logentry", "pk": 91, "fields": {"action_time": "2021-05-11T16:00:02.587Z", "user": 1, "content_type": 20, "object_id": "6", "object_repr": "Ruthy", "action_flag": 2, "change_message": "[{\"changed\": {\"fields\": [\"Profile\"]}}]"}}, {"model": "admin.logentry", "pk": 92, "fields": {"action_time": "2021-05-11T16:00:22.821Z", "user": 1, "content_type": 20, "object_id": "5", "object_repr": "Rodney", "action_flag": 2, "change_message": "[{\"changed\": {\"fields\": [\"Profile\"]}}]"}}, {"model": "admin.logentry", "pk": 93, "fields": {"action_time": "2021-05-11T16:00:38.765Z", "user": 1, "content_type": 20, "object_id": "4", "object_repr": "Max", "action_flag": 2, "change_message": "[{\"changed\": {\"fields\": [\"Profile\"]}}]"}}, {"model": "admin.logentry", "pk": 94, "fields": {"action_time": "2021-05-11T16:00:48.099Z", "user": 1, "content_type": 20, "object_id": "7", "object_repr": "The Boys", "action_flag": 2, "change_message": "[{\"changed\": {\"fields\": [\"Profile\"]}}]"}}, {"model": "admin.logentry", "pk": 95, "fields": {"action_time": "2021-05-11T16:01:03.240Z", "user": 1, "content_type": 20, "object_id": "3", "object_repr": "Marvin", "action_flag": 2, "change_message": "[{\"changed\": {\"fields\": [\"Profile\"]}}]"}}, {"model": "admin.logentry", "pk": 96, "fields": {"action_time": "2021-05-11T16:01:21.671Z", "user": 1, "content_type": 20, "object_id": "1", "object_repr": "Bonny", "action_flag": 2, "change_message": "[{\"changed\": {\"fields\": [\"Profile\"]}}]"}}, {"model": "admin.logentry", "pk": 97, "fields": {"action_time": "2021-05-11T16:01:43.551Z", "user": 1, "content_type": 20, "object_id": "8", "object_repr": "Rupert", "action_flag": 2, "change_message": "[{\"changed\": {\"fields\": [\"Profile\"]}}]"}}, {"model": "admin.logentry", "pk": 98, "fields": {"action_time": "2021-05-12T10:08:58.461Z", "user": 1, "content_type": 20, "object_id": "1", "object_repr": "Bonny", "action_flag": 2, "change_message": "[{\"changed\": {\"fields\": [\"Status\", \"Adopted\"]}}]"}}, {"model": "admin.logentry", "pk": 99, "fields": {"action_time": "2021-05-12T10:09:18.255Z", "user": 1, "content_type": 20, "object_id": "2", "object_repr": "Theresa", "action_flag": 2, "change_message": "[{\"changed\": {\"fields\": [\"Status\", \"Adopted\"]}}]"}}, {"model": "admin.logentry", "pk": 100, "fields": {"action_time": "2021-05-12T10:09:57.776Z", "user": 1, "content_type": 20, "object_id": "4", "object_repr": "Max", "action_flag": 2, "change_message": "[{\"changed\": {\"fields\": [\"Status\", \"Adopted\"]}}]"}}, {"model": "admin.logentry", "pk": 101, "fields": {"action_time": "2021-05-12T10:31:16.573Z", "user": 1, "content_type": 20, "object_id": "3", "object_repr": "Marvin", "action_flag": 2, "change_message": "[{\"changed\": {\"fields\": [\"Neutered\"]}}]"}}, {"model": "admin.logentry", "pk": 102, "fields": {"action_time": "2021-05-12T10:31:35.811Z", "user": 1, "content_type": 20, "object_id": "2", "object_repr": "Theresa", "action_flag": 2, "change_message": "[{\"changed\": {\"fields\": [\"Adopted\"]}}]"}}, {"model": "admin.logentry", "pk": 103, "fields": {"action_time": "2021-05-12T10:45:08.912Z", "user": 1, "content_type": 20, "object_id": "4", "object_repr": "Max", "action_flag": 2, "change_message": "[{\"changed\": {\"fields\": [\"Status\", \"Adopted\", \"Resident\"]}}]"}}, {"model": "admin.logentry", "pk": 104, "fields": {"action_time": "2021-05-12T10:45:17.043Z", "user": 1, "content_type": 20, "object_id": "8", "object_repr": "Rupert", "action_flag": 2, "change_message": "[{\"changed\": {\"fields\": [\"Resident\"]}}]"}}, {"model": "admin.logentry", "pk": 105, "fields": {"action_time": "2021-05-12T10:45:26.174Z", "user": 1, "content_type": 20, "object_id": "6", "object_repr": "Ruthy", "action_flag": 2, "change_message": "[{\"changed\": {\"fields\": [\"Resident\"]}}]"}}, {"model": "admin.logentry", "pk": 106, "fields": {"action_time": "2021-05-12T10:45:36.650Z", "user": 1, "content_type": 20, "object_id": "5", "object_repr": "Rodney", "action_flag": 2, "change_message": "[{\"changed\": {\"fields\": [\"Resident\"]}}]"}}, {"model": "admin.logentry", "pk": 107, "fields": {"action_time": "2021-05-12T10:46:12.746Z", "user": 1, "content_type": 20, "object_id": "7", "object_repr": "The Boys", "action_flag": 2, "change_message": "[{\"changed\": {\"fields\": [\"Status\", \"Adopted\", \"Resident\"]}}]"}}, {"model": "admin.logentry", "pk": 108, "fields": {"action_time": "2021-05-12T10:46:33.328Z", "user": 1, "content_type": 20, "object_id": "3", "object_repr": "Marvin", "action_flag": 2, "change_message": "[{\"changed\": {\"fields\": [\"Status\", \"Adopted\", \"Resident\"]}}]"}}, {"model": "admin.logentry", "pk": 109, "fields": {"action_time": "2021-05-12T10:46:57.118Z", "user": 1, "content_type": 20, "object_id": "2", "object_repr": "Theresa", "action_flag": 2, "change_message": "[{\"changed\": {\"fields\": [\"Adopted\", \"Resident\"]}}]"}}, {"model": "admin.logentry", "pk": 110, "fields": {"action_time": "2021-05-12T10:47:17.705Z", "user": 1, "content_type": 20, "object_id": "1", "object_repr": "Bonny", "action_flag": 2, "change_message": "[{\"changed\": {\"fields\": [\"Resident\"]}}]"}}, {"model": "admin.logentry", "pk": 111, "fields": {"action_time": "2021-05-12T10:47:59.636Z", "user": 1, "content_type": 20, "object_id": "1", "object_repr": "Bonny", "action_flag": 2, "change_message": "[{\"changed\": {\"fields\": [\"Resident\"]}}]"}}, {"model": "admin.logentry", "pk": 112, "fields": {"action_time": "2021-05-12T10:48:07.624Z", "user": 1, "content_type": 20, "object_id": "2", "object_repr": "Theresa", "action_flag": 2, "change_message": "[{\"changed\": {\"fields\": [\"Resident\"]}}]"}}, {"model": "admin.logentry", "pk": 113, "fields": {"action_time": "2021-05-12T12:00:01.841Z", "user": 1, "content_type": 20, "object_id": "3", "object_repr": "Marvin", "action_flag": 2, "change_message": "[{\"changed\": {\"fields\": [\"Tagline\"]}}]"}}, {"model": "admin.logentry", "pk": 114, "fields": {"action_time": "2021-05-12T12:00:27.881Z", "user": 1, "content_type": 20, "object_id": "7", "object_repr": "The Boys", "action_flag": 2, "change_message": "[{\"changed\": {\"fields\": [\"Tagline\"]}}]"}}, {"model": "admin.logentry", "pk": 115, "fields": {"action_time": "2021-05-12T13:43:54.308Z", "user": 1, "content_type": 20, "object_id": "1", "object_repr": "Bonny", "action_flag": 2, "change_message": "[{\"changed\": {\"fields\": [\"Resident\"]}}]"}}, {"model": "admin.logentry", "pk": 116, "fields": {"action_time": "2021-05-12T13:44:02.175Z", "user": 1, "content_type": 20, "object_id": "2", "object_repr": "Theresa", "action_flag": 2, "change_message": "[{\"changed\": {\"fields\": [\"Resident\"]}}]"}}, {"model": "admin.logentry", "pk": 117, "fields": {"action_time": "2021-05-12T15:34:16.257Z", "user": 1, "content_type": 20, "object_id": "9", "object_repr": "Moira", "action_flag": 1, "change_message": "[{\"added\": {}}]"}}, {"model": "admin.logentry", "pk": 118, "fields": {"action_time": "2021-05-12T15:36:20.722Z", "user": 1, "content_type": 20, "object_id": "10", "object_repr": "Milkshake", "action_flag": 1, "change_message": "[{\"added\": {}}]"}}, {"model": "admin.logentry", "pk": 119, "fields": {"action_time": "2021-05-12T15:37:58.434Z", "user": 1, "content_type": 20, "object_id": "4", "object_repr": "Max", "action_flag": 2, "change_message": "[{\"changed\": {\"fields\": [\"Status\", \"Adopted\"]}}]"}}, {"model": "admin.logentry", "pk": 120, "fields": {"action_time": "2021-05-12T15:38:13.177Z", "user": 1, "content_type": 20, "object_id": "5", "object_repr": "Rodney", "action_flag": 2, "change_message": "[{\"changed\": {\"fields\": [\"Status\", \"Adopted\"]}}]"}}, {"model": "admin.logentry", "pk": 121, "fields": {"action_time": "2021-05-12T15:38:27.709Z", "user": 1, "content_type": 20, "object_id": "6", "object_repr": "Ruthy", "action_flag": 2, "change_message": "[{\"changed\": {\"fields\": [\"Status\", \"Adopted\"]}}]"}}, {"model": "admin.logentry", "pk": 122, "fields": {"action_time": "2021-05-12T15:38:47.486Z", "user": 1, "content_type": 20, "object_id": "8", "object_repr": "Rupert", "action_flag": 2, "change_message": "[{\"changed\": {\"fields\": [\"Status\", \"Adopted\"]}}]"}}, {"model": "admin.logentry", "pk": 123, "fields": {"action_time": "2021-05-12T15:39:17.992Z", "user": 1, "content_type": 20, "object_id": "9", "object_repr": "Moira", "action_flag": 2, "change_message": "[{\"changed\": {\"fields\": [\"Image\"]}}]"}}, {"model": "admin.logentry", "pk": 124, "fields": {"action_time": "2021-05-12T15:42:20.378Z", "user": 1, "content_type": 20, "object_id": "11", "object_repr": "Bubble and Squek", "action_flag": 1, "change_message": "[{\"added\": {}}]"}}, {"model": "admin.logentry", "pk": 125, "fields": {"action_time": "2021-05-12T15:44:45.226Z", "user": 1, "content_type": 20, "object_id": "12", "object_repr": "Naru", "action_flag": 1, "change_message": "[{\"added\": {}}]"}}, {"model": "admin.logentry", "pk": 126, "fields": {"action_time": "2021-05-12T15:52:22.127Z", "user": 1, "content_type": 20, "object_id": "13", "object_repr": "Sadie", "action_flag": 1, "change_message": "[{\"added\": {}}]"}}, {"model": "admin.logentry", "pk": 127, "fields": {"action_time": "2021-05-12T15:54:26.344Z", "user": 1, "content_type": 20, "object_id": "14", "object_repr": "frizzy", "action_flag": 1, "change_message": "[{\"added\": {}}]"}}, {"model": "admin.logentry", "pk": 128, "fields": {"action_time": "2021-05-12T15:54:53.903Z", "user": 1, "content_type": 20, "object_id": "15", "object_repr": "furiosa", "action_flag": 1, "change_message": "[{\"added\": {}}]"}}, {"model": "admin.logentry", "pk": 129, "fields": {"action_time": "2021-05-12T15:56:35.455Z", "user": 1, "content_type": 20, "object_id": "16", "object_repr": "Tuxedo", "action_flag": 1, "change_message": "[{\"added\": {}}]"}}, {"model": "admin.logentry", "pk": 130, "fields": {"action_time": "2021-05-12T16:16:54.288Z", "user": 1, "content_type": 20, "object_id": "17", "object_repr": "Bandit", "action_flag": 1, "change_message": "[{\"added\": {}}]"}}, {"model": "admin.logentry", "pk": 131, "fields": {"action_time": "2021-05-12T16:17:55.627Z", "user": 1, "content_type": 20, "object_id": "18", "object_repr": "Dorothy", "action_flag": 1, "change_message": "[{\"added\": {}}]"}}, {"model": "admin.logentry", "pk": 132, "fields": {"action_time": "2021-05-12T16:19:03.939Z", "user": 1, "content_type": 20, "object_id": "19", "object_repr": "Butter", "action_flag": 1, "change_message": "[{\"added\": {}}]"}}, {"model": "admin.logentry", "pk": 133, "fields": {"action_time": "2021-05-12T16:21:26.930Z", "user": 1, "content_type": 20, "object_id": "20", "object_repr": "penny", "action_flag": 1, "change_message": "[{\"added\": {}}]"}}, {"model": "admin.logentry", "pk": 134, "fields": {"action_time": "2021-05-13T12:14:57.361Z", "user": 1, "content_type": 13, "object_id": "25", "object_repr": "hhhhhh", "action_flag": 3, "change_message": ""}}, {"model": "admin.logentry", "pk": 135, "fields": {"action_time": "2021-05-13T12:14:57.385Z", "user": 1, "content_type": 13, "object_id": "24", "object_repr": "blah", "action_flag": 3, "change_message": ""}}, {"model": "auth.user", "pk": 1, "fields": {"password": "pbkdf2_sha256$216000$76UvCsG0gZuL$K5XfxSc1H+0FPKMR21NHfaKTChlQaNpB5xegjZhC4PM=", "last_login": "2021-05-14T08:12:51.124Z", "is_superuser": true, "username": "seanmc", "first_name": "", "last_name": "", "email": "sean.mcmahon87@gmail.com", "is_staff": true, "is_active": true, "date_joined": "2021-03-17T11:29:59.711Z", "groups": [], "user_permissions": []}}, {"model": "auth.user", "pk": 2, "fields": {"password": "pbkdf2_sha256$216000$qRIc9eDCweic$eAgv+0sjsWiTlFJG14znmJ4f8nJ2RdR9F7R0ngCy8WI=", "last_login": null, "is_superuser": false, "username": "bobby1", "first_name": "", "last_name": "", "email": "bob@test.com", "is_staff": false, "is_active": true, "date_joined": "2021-04-28T15:45:12.893Z", "groups": [], "user_permissions": []}}, {"model": "auth.user", "pk": 3, "fields": {"password": "pbkdf2_sha256$216000$U3UxOMEMPvqW$LV++UO2GVeEDgwfjJkUoGtsHMNjSfvvl1YR9zn+fakI=", "last_login": null, "is_superuser": false, "username": "billu@test.com", "first_name": "", "last_name": "", "email": "billu@test.com", "is_staff": false, "is_active": true, "date_joined": "2021-04-28T15:54:53.303Z", "groups": [], "user_permissions": []}}, {"model": "auth.user", "pk": 4, "fields": {"password": "pbkdf2_sha256$216000$WrWk0knmgd29$f0GKZ8Dn7Ik8QDwg2PgxNj6J5xDw8vggAH2/771TriM=", "last_login": null, "is_superuser": false, "username": "booo", "first_name": "", "last_name": "", "email": "bo@test.com", "is_staff": false, "is_active": true, "date_joined": "2021-04-28T15:56:44.757Z", "groups": [], "user_permissions": []}}, {"model": "auth.user", "pk": 5, "fields": {"password": "pbkdf2_sha256$216000$CUX6ZCIBIqv2$XQzfVZeQ6jibKJS4hnB9jqGQocyYEDp6iuHQNf9gglc=", "last_login": null, "is_superuser": false, "username": "fake", "first_name": "", "last_name": "", "email": "fake@fake.com", "is_staff": false, "is_active": true, "date_joined": "2021-04-28T15:58:19.696Z", "groups": [], "user_permissions": []}}, {"model": "auth.user", "pk": 6, "fields": {"password": "pbkdf2_sha256$216000$mKFJ29BdB8ad$Y/Mrzjrk4F9vAcWs1ytKF4y/Wl+jG5Sj5kbSmlqxgDs=", "last_login": null, "is_superuser": false, "username": "blaa", "first_name": "", "last_name": "", "email": "bla@test.com", "is_staff": false, "is_active": true, "date_joined": "2021-04-28T16:00:22.760Z", "groups": [], "user_permissions": []}}, {"model": "auth.user", "pk": 7, "fields": {"password": "pbkdf2_sha256$216000$JfXzUza7M5p5$AdTeajM3Cd50R3DWNuPKQsyyDD8mjZNfB+M3KENUgxk=", "last_login": null, "is_superuser": false, "username": "johnny", "first_name": "", "last_name": "", "email": "johnny@test.com", "is_staff": false, "is_active": true, "date_joined": "2021-04-28T16:12:44.860Z", "groups": [], "user_permissions": []}}, {"model": "auth.user", "pk": 8, "fields": {"password": "pbkdf2_sha256$216000$7HFPDrS2OhhT$3k5vre3AGvr4t2g6yB7yDLfZg0AQdc2f4MF3IZtDOsM=", "last_login": null, "is_superuser": false, "username": "chef1", "first_name": "", "last_name": "", "email": "vikokip328@labebx.com", "is_staff": false, "is_active": true, "date_joined": "2021-05-13T13:36:20.929Z", "groups": [], "user_permissions": []}}, {"model": "sessions.session", "pk": "1vregbomzy687vzezdorz48d1qa3vc7q", "fields": {"session_data": ".eJxVjssOwiAURP-FtSGl5dUu3fsN5HIvWNSAKW2iMf67wXSh2zlnJvNiDrZ1dlsNi0vEJibY4TfzgNeQG6AL5HPhWPK6JM-bwnda-alQuB13929ghjq3to0eSJLEQCYOYMdoRqkNKqNjlMrrXkmJ3UiDjz2i7zQKSyiUATvA91UNtaaSXXjc0_JkU_f-AMaxP94:1lMV0s:4-CWiugQlItn9xnq4hzr26pZ42y0djulNMg3HmbSx3o", "expire_date": "2021-03-31T12:10:58.157Z"}}, {"model": "sessions.session", "pk": "2pbw3y6iu5h4x19y3iz4blq7pw372ag4", "fields": {"session_data": ".eJxVjs0OgjAQhN-lZ0L4KbRw9O4zNNvdrVSxNRSMxvjuCiEmXr9vZjIvAYhxCbO58-SdZzJ8BT-KPizjmP3skngSvdAiEwaWediA8fRl5T-zgBcOq6AzhFPMMYZ58jZfI_luU36MxONhz_4NDJCGta2dBZIkkUm5GnTnVCdbhY1qnZONbatGSiw6qq2rEG3RYqkJy0aBrmF7lTglH4Phx81PT9EX7w--H1F1:1lhCLJ:r4m-RM7gm6FcuruVzykI7Q9LV7q1vqWNQEpc75BpMvg", "expire_date": "2021-05-27T14:29:37.081Z"}}, {"model": "sessions.session", "pk": "atqc3yd0rnoulc306zelro99sghcf5ur", "fields": {"session_data": ".eJxVjDsOgzAQBe_iOrIw-Adl-pzBWu96AwmyJQxpotw9skRD-2bmfUWFTwpL5iImhrWmmwhw7HM4atrCQmISSly2CPhOuQF6QX4WiSXv2xJlU-RJq3wUSuv9dC8HM9S51Z4jkCaNiRwP4Ed2o7YOjbPM2kTbG62xG2mI3CPGzqLyhMo48AMo8fsDnFE_EA:1leJg8:3-u_ijqCZ-YX9SYD2J0d0l7Vgx_R-jVG9ZVGgyZn-D4", "expire_date": "2021-05-19T15:43:12.764Z"}}, {"model": "sessions.session", "pk": "dt2hmmkwpeozr50bh6h6r384xexneg5f", "fields": {"session_data": ".eJxVjstugzAURP_lrhGCYDCw7L7fYF3fR3Dr2hWGqFXVf0-IokjZnjMzmj9AorynzV1kDRqEnXxhiDCnPcbqafciK8xgoQKH-7bcgQt8Y-0r80ifkg7BH5jOuaactjX4-ojUD1vq98wS3x7Zl4EFy3K0R_XIhg0JW-1wnNROZrDU20HV9H449cZQM3Hn9UTkm4HakantLY4d3l8VKSXk5OTnO6y_MDcVFLyIC0kzzIqxyP8Vr_9X4w:1lc8hk:y2Khh0I1VGWd10bgBD3M55ucnpBha2u1m3jSLi2hPjo", "expire_date": "2021-05-13T15:35:52.236Z"}}, {"model": "sessions.session", "pk": "jrc3atg83anbc4srqwvky3ups5dxtlc8", "fields": {"session_data": ".eJxVjDsOwyAQBe9CHSFj_inT-wxo2YXgJALJ2FWUu0dILpL2zcx7swDHXsLR0xZWYlcm2OV3i4DPVAegB9R749jqvq2RD4WftPOlUXrdTvfvoEAvo3Y5AilSmMhmCc5n65WxqK3JWeloZq0UTp5kzDNinAwKRyi0BSdBsM8XD9Y4oQ:1lf3zz:cvlFjEyPGGVEQgnFH3jY28J6DBQ4_0_03E37NPa_C2Q", "expire_date": "2021-05-21T17:10:47.416Z"}}, {"model": "sessions.session", "pk": "ubkcdef2e27byi7x0wjyd4z08g1586oz", "fields": {"session_data": ".eJxVjjkOgzAURO_y68jC4A3K9JwB_cUGkggkDBXi7pEliqSd92Y0Jwx47NNw5LgNs0AHGh6_GSG_41KAvHAZV8Xrsm8zqaKom2bVrxI_z9v9G5gwT6UdEqEYMRzFpwZDm3xrnGfrXUrGkqutMVy10lCqmalyrIOwth5Dg-UV4QjdCTpAZ6_rC3zpPIk:1lX76S:caPedhd878g-zeCv6yb1D3v-F66p3GEKYx9NESxupuk", "expire_date": "2021-04-29T18:52:36.931Z"}}, {"model": "sessions.session", "pk": "vgmda4sd5dn1ihbumyzyz8aqxqf6tu6u", "fields": {"session_data": ".eJxVjjsOwjAQRO_iGkX5-JeU9JzBWq_XxBDZKJsgEOLuKChN2nlvRvMRDE9yKccihggT00k4WJfRrUyzS0EMohGHzAPeKW8g3CBfS4UlL3Py1aZUO-XqUgJN5909DIzA49a20UOQQSIFEzuwfTS91AaV0TFK5XWrpMS6D52PLaKvNTY2YKMM2A7-r5iYU8mOXo80v8VQf3_T50ZN:1lcR4T:6rVA02onptyJyGD5UpSycPtUsL7gMsIpeXuznK8Z-Oc", "expire_date": "2021-05-14T11:12:33.574Z"}}, {"model": "sessions.session", "pk": "vncfhzd6j62ivxshmel9d8ikwd2evllu", "fields": {"session_data": ".eJxVjssOwiAURP-FtSGl5dUu3fsN5HIvWNSAKW2iMf67wXSh2zlnJvNiDrZ1dlsNi0vEJibY4TfzgNeQG6AL5HPhWPK6JM-bwnda-alQuB13929ghjq3to0eSJLEQCYOYMdoRqkNKqNjlMrrXkmJ3UiDjz2i7zQKSyiUATvA91UNtaaSXXjc0_JkU_f-AMaxP94:1lhTof:3nTbiXBQIZnz_81RFxU0xccOOCRRk7bwSi9HeOYszHE", "expire_date": "2021-05-28T09:09:05.090Z"}}, {"model": "sessions.session", "pk": "w6fe5wg05f8dcylewkbukv3itxyokduk", "fields": {"session_data": ".eJxVjDsOgzAQRO-ydYQw_kKZPmew1msbnA9IGIoEcfdgiYZmRpo3Mxs47KHbQBVJS_hk6742p184gn2_QQMdP8ziugx2zWG2yUMHDC6ZQ3qFsQD_xLGfKprGZU6uKpXqpLl6TD6872f3cjBgHsraRIdeeEHB68jRtFG3QmmSWsUopFONFILq1nMXGyJXK2LGE5MaDUcG-x9hXEUU:1lX1RQ:hM4wBEk4u2AT9MKLXgBKdS-bo-jPWCeCT-Ki2jcHkV8", "expire_date": "2021-04-29T12:49:52.915Z"}}, {"model": "sessions.session", "pk": "xyoa20x6npf5bs0amcdf8ia3t796lxa0", "fields": {"session_data": "eyJiYWciOnsiMSI6MX19:1lcQiC:d1-3cbjyZYjkNOPEVKQjJ7ikh9GkXs3ZUHlBAFZGcDQ", "expire_date": "2021-05-14T10:49:32.865Z"}}, {"model": "sites.site", "pk": 1, "fields": {"domain": "innerpurr.example.com", "name": "Inner Purr"}}, {"model": "account.emailaddress", "pk": 1, "fields": {"user": 1, "email": "sean.mcmahon87@gmail.com", "verified": true, "primary": true}}, {"model": "account.emailaddress", "pk": 2, "fields": {"user": 2, "email": "bob@test.com", "verified": false, "primary": true}}, {"model": "account.emailaddress", "pk": 3, "fields": {"user": 3, "email": "billu@test.com", "verified": false, "primary": true}}, {"model": "account.emailaddress", "pk": 4, "fields": {"user": 4, "email": "bo@test.com", "verified": false, "primary": true}}, {"model": "account.emailaddress", "pk": 5, "fields": {"user": 5, "email": "fake@fake.com", "verified": false, "primary": true}}, {"model": "account.emailaddress", "pk": 6, "fields": {"user": 6, "email": "bla@test.com", "verified": false, "primary": true}}, {"model": "account.emailaddress", "pk": 7, "fields": {"user": 7, "email": "johnny@test.com", "verified": true, "primary": true}}, {"model": "account.emailaddress", "pk": 8, "fields": {"user": 8, "email": "vikokip328@labebx.com", "verified": false, "primary": true}}, {"model": "products.category", "pk": 1, "fields": {"name": "clothing", "friendly_name": "Clothing"}}, {"model": "products.category", "pk": 2, "fields": {"name": "accessories", "friendly_name": "Accessories"}}, {"model": "products.category", "pk": 3, "fields": {"name": "cards", "friendly_name": "Greeting Cards"}}, {"model": "products.product", "pk": 1, "fields": {"category": 2, "sku": "10000003", "name": "Men's Facemask (Black Paws)", "description": "Men’s sized white facemask with black paw prints.", "has_sizes": false, "price": "7.00", "rating": "5.0", "image_url": "https://i.imgur.com/n2DZUw7.png", "image": ""}}, {"model": "products.product", "pk": 2, "fields": {"category": 2, "sku": "10000001", "name": "Keyrings", "description": "Our keyrings come in a range of colours.", "has_sizes": false, "price": "7.00", "rating": "4.5", "image_url": null, "image": "keyring.png"}}, {"model": "products.product", "pk": 3, "fields": {"category": 3, "sku": "30000001", "name": "Ginger Cat Christmas Cards (4)", "description": "A pack of 4 beautifully different Christmas cards, envelopes included.", "has_sizes": false, "price": "7.15", "rating": "4.0", "image_url": "http://www.phibsborocatrescue.ie/wp-content/uploads/cropped-PCR-Xmas-Cards-3-12X18.5-scaled-1.jpg", "image": "xmas-ginger_Rivlajs.jpg"}}, {"model": "products.product", "pk": 4, "fields": {"category": 3, "sku": "30000002", "name": "Kitten Christmas Cards (4)", "description": "A pack of 4 beautifully different Christmas cards, envelopes include.", "has_sizes": false, "price": "7.15", "rating": "4.5", "image_url": "http://www.phibsborocatrescue.ie/wp-content/uploads/Screenshot-2021-02-06-at-18.20.30.png", "image": "xmas-kitten.png"}}, {"model": "products.product", "pk": 5, "fields": {"category": 2, "sku": "10000002", "name": "Men's Facemask (Blue Paws)", "description": "Men’s sized white facemask with blue and grey paw prints.", "has_sizes": false, "price": "7.00", "rating": "5.0", "image_url": "http://www.phibsborocatrescue.ie/wp-content/uploads/Screenshot-2021-02-06-at-19.36.44.png", "image": "facemask-men2.png"}}, {"model": "products.product", "pk": 7, "fields": {"category": 1, "sku": "20000002", "name": "Women's Mr Buttons T-Shirt", "description": "Black Mr Buttons t-shirt", "has_sizes": true, "price": "20.00", "rating": "5.0", "image_url": null, "image": "t-f-black.JPG"}}, {"model": "products.product", "pk": 8, "fields": {"category": 1, "sku": "20000001", "name": "Women's Mr Buttons T-Shirt", "description": "White Mr Buttons t-shirt", "has_sizes": true, "price": "20.00", "rating": "4.8", "image_url": null, "image": "t-f-white.JPG"}}, {"model": "products.product", "pk": 9, "fields": {"category": 1, "sku": "20000003", "name": "Women's Mr Buttons T-Shirt", "description": "Teal Mr Buttons t-shirt", "has_sizes": true, "price": "20.00", "rating": "4.3", "image_url": null, "image": "t-f-teal.JPG"}}, {"model": "products.product", "pk": 10, "fields": {"category": 1, "sku": "20000011", "name": "Men's Mr Buttons T-Shirt", "description": "Black Mr Buttons t-shirt", "has_sizes": true, "price": "20.00", "rating": "4.9", "image_url": null, "image": ""}}, {"model": "products.product", "pk": 11, "fields": {"category": 1, "sku": "20000012", "name": "Men's Mr Buttons t-shirt", "description": "White Mr Buttons t-shirt", "has_sizes": true, "price": "20.00", "rating": "4.2", "image_url": null, "image": "t-m-white.JPG"}}, {"model": "products.product", "pk": 12, "fields": {"category": 1, "sku": "20000013", "name": "Men's Mr Buttons Long-Sleeve T-Shirt", "description": "Long-sleeve Mr Buttons t-shirt (Black & White)", "has_sizes": true, "price": "25.00", "rating": "4.1", "image_url": null, "image": "t-m-long-black.JPG"}}, {"model": "products.product", "pk": 13, "fields": {"category": 1, "sku": "20000014", "name": "Men's Mr Buttons Long-Sleeve T-Shirt", "description": "Long-sleeve Mr Buttons t-shirt (White & Navy)", "has_sizes": true, "price": "25.00", "rating": "4.5", "image_url": null, "image": "t-m-long-navy.JPG"}}, {"model": "products.product", "pk": 14, "fields": {"category": 2, "sku": "10000004", "name": "Mr Buttons Buttons (5)", "description": "5 pack Mr Buttons buttons", "has_sizes": false, "price": "5.00", "rating": "4.5", "image_url": null, "image": "button.JPG"}}, {"model": "products.product", "pk": 15, "fields": {"category": 1, "sku": "20000021", "name": "Mr Buttons Cap", "description": "Black Mr Buttons Cap", "has_sizes": false, "price": "15.00", "rating": "4.6", "image_url": null, "image": "cap-black.JPG"}}, {"model": "products.product", "pk": 16, "fields": {"category": 1, "sku": "20000022", "name": "Mr Buttons Cap", "description": "Navy Mr Buttons Cap", "has_sizes": false, "price": "15.00", "rating": "4.3", "image_url": null, "image": "cap-navy.JPG"}}, {"model": "products.product", "pk": 17, "fields": {"category": 2, "sku": "10000005", "name": "Mr Buttons Mug", "description": "Black Mr Buttons Mug", "has_sizes": false, "price": "10.00", "rating": "4.8", "image_url": null, "image": "mug-black.JPG"}}, {"model": "products.product", "pk": 18, "fields": {"category": 2, "sku": "10000006", "name": "Mr Buttons Mug", "description": "Yellow Mr Buttons Mug", "has_sizes": false, "price": "10.00", "rating": "4.5", "image_url": null, "image": "mug-yellow.JPG"}}, {"model": "products.product", "pk": 19, "fields": {"category": 2, "sku": "10000007", "name": "Mr Buttons iPhone 4 Case", "description": "Mr Buttons phone case for iPhone 4", "has_sizes": false, "price": "10.00", "rating": null, "image_url": null, "image": "iphone-4.JPG"}}, {"model": "products.product", "pk": 20, "fields": {"category": 2, "sku": "10000008", "name": "Mr Buttons iPhone 7-8 Case", "description": "Mr Buttons case for iPhone 7-8", "has_sizes": false, "price": "10.00", "rating": "4.2", "image_url": null, "image": "iphone-7-8.JPG"}}, {"model": "products.product", "pk": 21, "fields": {"category": 2, "sku": "10000009", "name": "Mr Buttons iPhone 10 Case", "description": "Mr Buttons case for iPhone X", "has_sizes": false, "price": "10.00", "rating": null, "image_url": null, "image": "iphone-x.JPG"}}, {"model": "products.product", "pk": 22, "fields": {"category": 2, "sku": "10000011", "name": "Mr Buttons Tote Bag", "description": "Black tote bag", "has_sizes": false, "price": "10.00", "rating": "4.0", "image_url": null, "image": "tote-black.JPG"}}, {"model": "products.product", "pk": 23, "fields": {"category": 2, "sku": "10000012", "name": "Mr Buttons Tote Bag", "description": "Blue tote bag", "has_sizes": false, "price": "10.00", "rating": "4.0", "image_url": null, "image": "tote-blue.JPG"}}, {"model": "cats.sex", "pk": 1, "fields": {"sex": "Male"}}, {"model": "cats.sex", "pk": 2, "fields": {"sex": "Female"}}, {"model": "cats.sex", "pk": 3, "fields": {"sex": "Undetermined"}}, {"model": "cats.sex", "pk": 4, "fields": {"sex": "Group"}}, {"model": "cats.cat", "pk": 1, "fields": {"name": "Bonny", "sex": 2, "age": "1 year", "rescued": "2021-01-05", "status": "Ready to be adopted", "description": "Long haired tortie", "profile": "<p>Bonny came into Phibsboro Cat Rescue&rsquo;s care when she was rescued from a colony in Blackrock.</p>\r\n\r\n<p>&nbsp;</p>\r\n\r\n<p>She was the runt of the litter and her mother sadly rejected her. Bonny is a nervous girl who often hisses when she is approached. However, this is simply because she is so scared, not because she is in any way aggressive, and she generally relaxes and purrs once her foster carer strokes her. She is gentle and never scratches even when she feels threatened.</p>\r\n\r\n<p>&nbsp;</p>\r\n\r\n<p>Although it is a slow process, she is beginning to settle in and grow more comfortable in her new environment. Bonny is very independent and may never be a lap cat. However, she has started showing an interest in toys and will eat from her human&rsquo;s hand on occasion, both of which are big achievements! She is also fully litter trained.</p>\r\n\r\n<p>&nbsp;</p>\r\n\r\n<p>Bonny is ready to be adopted, but only by an experienced and patient cat-owner who understands that she is still hissy and anxious. We think that she would be happy as an indoor-only cat because she shows little interest in exploring, but we don&rsquo;t know whether she could be adopted into a household with children, cats or other pets yet.</p>", "neutered": true, "microchipped": false, "vaccinated": false, "adopted": false, "resident": true, "tagline": "Super playful", "health_checked": true, "image_url": null, "image": "PXL_20210225_104428426_2_LtiMQCs.jpg"}}, {"model": "cats.cat", "pk": 2, "fields": {"name": "Theresa", "sex": 2, "age": "2-3 years", "rescued": "2020-11-11", "status": "Ready to be adopted", "description": "Short haired tabby", "profile": "<p>This gorgeous girl was rescued by the PCR rescue team on the 11/11/20 in Ballyfermot.</p>\r\n\r\n<p>&nbsp;</p>\r\n\r\n<p>Theresa is an independent girl who is ready to be adopted, she loves a good belly rub and loves to sneak in smaller spaces like cupboards! Theresa is not only an indoor cat, she loves going on adventures outside too! Theresa is not suitable for houses which have other pets; she has to be the only girl in your life and she will make the puurfect feline companion. There is no indication that she would not be suited with children under 12 as she is an affectionate kitty and loves to be around people.</p>\r\n\r\n<p>&nbsp;</p>\r\n\r\n<p>Anyone would be lucky enough to have Theresa as their own, she needs someone to give her a furrrever home.</p>", "neutered": true, "microchipped": false, "vaccinated": false, "adopted": false, "resident": true, "tagline": "Super playful", "health_checked": true, "image_url": null, "image": "PXL_20201120_164717330.MP.jpg"}}, {"model": "cats.cat", "pk": 3, "fields": {"name": "Marvin", "sex": 1, "age": "6 weeks", "rescued": "2020-10-24", "status": "Ready to be adopted at 8 weeks", "description": "Black with white chest and paws", "profile": "<p>Marvin was rescued from Kildare after his mama died after being hit by a car.</p>\r\n\r\n<p>&nbsp;</p>\r\n\r\n<p>Marvin is a cutie pie, a very friendly and loving boy. He is a new member of the PCR family, so we do not have detailed info about his personality. What we know so far is, he is full of energy, playful and always exploring. He searches for food and attention. He doesn&#39;t mind being handled and often hops on the couch for rubs. Marvin is not yet ready for adoption.</p>\r\n\r\n<p>&nbsp;</p>\r\n\r\n<p>As he is friendly, he might be good to be adopted with other pets or children and he seems happy indoors (fosterer needs more time to confirm this). Also, he is still learning how to use his litter tray but other than that he is settling in well.</p>", "neutered": true, "microchipped": false, "vaccinated": false, "adopted": false, "resident": true, "tagline": "Little ball of fluff", "health_checked": true, "image_url": null, "image": "PXL_20201025_143621548.MP2.jpg"}}, {"model": "cats.cat", "pk": 4, "fields": {"name": "Max", "sex": 1, "age": "3 years", "rescued": "2020-06-11", "status": "Ready to be adopted", "description": "All Black", "profile": "<p>Handsome Max was rescued when he was found straying in Newbridge, Co Kildare.</p>\r\n\r\n<p>&nbsp;</p>\r\n\r\n<p>Very likely to be a papa to many kitties in Kildare, he is now neutered and awaiting a lovely fur-ever home. Max is doing really well in foster care. He has more and more interest in toys these days, is very relaxed, and likes to spend time on the coach. He loves food and tends to screech a bit when his foster carer is around the kitchen if he hasn&rsquo;t eaten in a few hours. Max uses the scratching post a lot. He is receiving treatment for his laboured breathing, which is slightly better than it had been during his first week in foster care. We don&#39;t know how well he gets with other cats, dogs and young children.</p>", "neutered": true, "microchipped": false, "vaccinated": false, "adopted": false, "resident": false, "tagline": "Super playful", "health_checked": true, "image_url": null, "image": "MVIMG_20200705_174143.jpg"}}, {"model": "cats.cat", "pk": 5, "fields": {"name": "Rodney", "sex": 1, "age": "2 years", "rescued": "2020-05-26", "status": "Ready to be adopted", "description": "Black and Brown tabby", "profile": "<p>Rodney was rescued when he was straying in the stairwell near Phoenix Park, Dublin 15. Rodney is the newest member of the PCR family.</p>\r\n\r\n<p>&nbsp;</p>\r\n\r\n<p>He is still recovering from his surgery. So far what we know about him is, Rodney is a sweet, loving, friendly boy. He loves being petted and plays with his toys all day. He has a great appetite, eats wet as well as dry food and uses a litter tray as a good boy. As he was a stray cat, he meows a lot for food and settles quickly with little petting. Sometimes he likes to sit on his fosterer&rsquo;s lap and relax. Rodney is a gentle soul and looking for a loving home. We don&rsquo;t know how well he gets with other cats, dogs and small children.</p>", "neutered": true, "microchipped": false, "vaccinated": false, "adopted": false, "resident": false, "tagline": "Super playful", "health_checked": true, "image_url": null, "image": "R10.JPG"}}, {"model": "cats.cat", "pk": 6, "fields": {"name": "Ruthy", "sex": 2, "age": "7 years", "rescued": "2020-05-17", "status": "Ready to be adopted", "description": "Black and Brown tabby", "profile": "<p>Ruthy - a tabby girl is a new member of the PCR family.</p>\r\n\r\n<p>&nbsp;</p>\r\n\r\n<p>She is very loving and lil shy. As she is new to the surrounding, she is still nervous and spends most of the time on the couch. She lets her fosterer touch her, and she loves tickle under her chin. So far, she has not shown interest in treats and not eating much. She is housetrained, always uses her litter tray to do her business. We don&rsquo;t know yet how well she gets with other cats, dogs and young children.</p>", "neutered": true, "microchipped": true, "vaccinated": false, "adopted": false, "resident": false, "tagline": "Super playful", "health_checked": true, "image_url": null, "image": "DSC_0694.JPG"}}, {"model": "cats.cat", "pk": 7, "fields": {"name": "The Boys", "sex": 4, "age": "4-5 months", "rescued": "2020-09-03", "status": "Need a little time", "description": "One Black, one black and white", "profile": "<p>O&rsquo;scannaill vet asked PCR to rehome these beautiful kitties.</p>\r\n\r\n<p>&nbsp;</p>\r\n\r\n<p>These kitties are bonded with each other, always together, sitting on each other (haha). They are still very shy, don&rsquo;t like to be handled but come out of hiding for food. They still hiss but let the fosterer pet a bit. They are very playful, active at night and can be mischievous and are prone to swiping anything off shelf. When they are in mood, they like to chase mouse on a string. They are slowly becoming social.</p>", "neutered": true, "microchipped": false, "vaccinated": false, "adopted": false, "resident": true, "tagline": "Very mischievous", "health_checked": true, "image_url": null, "image": "MVIMG_20200905_180052_YCpYYxB.jpg"}}, {"model": "cats.cat", "pk": 8, "fields": {"name": "Rupert", "sex": 1, "age": "1-2 years", "rescued": "2020-04-24", "status": "Ready to be adopted", "description": "Black and white", "profile": "<p>Who could resist this noble looking chap?</p>\r\n\r\n<p>&nbsp;</p>\r\n\r\n<p>Meet Rupert &ndash; this handsome devil was rescued as part of a colony in Swords and is currently getting to know the kindness of humans at his fosterers&rsquo; house.</p>\r\n\r\n<p>&nbsp;</p>\r\n\r\n<p>Understandably, Rupert is still a bit shy and prefers to be close to places he can hide &ndash; behind the curtain is so far his favourite spot. He is eating well and has used the litterbox with no trouble. He can be coaxed by petting and treats and has started to explore his surroundings by jumping on everything and by looking to play when he feels comfortable. Once he starts to trust a little more, we are sure he will make a lovely pet.</p>", "neutered": true, "microchipped": false, "vaccinated": false, "adopted": false, "resident": false, "tagline": "Super playful", "health_checked": false, "image_url": null, "image": "Rupert-Eating_3.jpg"}}, {"model": "cats.cat", "pk": 9, "fields": {"name": "Moira", "sex": 2, "age": "2 years", "rescued": "2021-02-05", "status": "Nursing mama, not ready", "description": "Black and white", "profile": "", "neutered": null, "microchipped": null, "vaccinated": null, "adopted": true, "resident": null, "tagline": "Very mischievous", "health_checked": null, "image_url": null, "image": "moira.jpg"}}, {"model": "cats.cat", "pk": 10, "fields": {"name": "Milkshake", "sex": 2, "age": "2 years", "rescued": null, "status": "Ready to be adopted", "description": "Black and White", "profile": "", "neutered": null, "microchipped": null, "vaccinated": null, "adopted": true, "resident": null, "tagline": "Very mischievous", "health_checked": null, "image_url": null, "image": "milkshake.jpg"}}, {"model": "cats.cat", "pk": 11, "fields": {"name": "Bubble and Squek", "sex": 4, "age": "1 year", "rescued": null, "status": "Adopted", "description": "White and Black", "profile": "", "neutered": null, "microchipped": null, "vaccinated": null, "adopted": true, "resident": null, "tagline": "Very mischievous", "health_checked": null, "image_url": null, "image": "bubble_squeak.jpg"}}, {"model": "cats.cat", "pk": 12, "fields": {"name": "Naru", "sex": 2, "age": "Undetermined", "rescued": null, "status": "Adopted", "description": "Black", "profile": "", "neutered": null, "microchipped": null, "vaccinated": null, "adopted": true, "resident": null, "tagline": "Very mischievous", "health_checked": null, "image_url": null, "image": "Naru.jpg"}}, {"model": "cats.cat", "pk": 13, "fields": {"name": "Sadie", "sex": 2, "age": "Undetermined", "rescued": null, "status": "Adopted", "description": null, "profile": "", "neutered": null, "microchipped": null, "vaccinated": null, "adopted": true, "resident": null, "tagline": null, "health_checked": null, "image_url": null, "image": "sadie.jpg"}}, {"model": "cats.cat", "pk": 14, "fields": {"name": "frizzy", "sex": 2, "age": "8 weeks", "rescued": null, "status": "Adopted", "description": null, "profile": "", "neutered": null, "microchipped": null, "vaccinated": null, "adopted": true, "resident": null, "tagline": null, "health_checked": null, "image_url": null, "image": "frizzy.jpg"}}, {"model": "cats.cat", "pk": 15, "fields": {"name": "furiosa", "sex": 2, "age": "8 weeks", "rescued": null, "status": "Adopted", "description": null, "profile": "", "neutered": null, "microchipped": null, "vaccinated": null, "adopted": true, "resident": null, "tagline": null, "health_checked": null, "image_url": null, "image": "furiosa.jpg"}}, {"model": "cats.cat", "pk": 16, "fields": {"name": "Tuxedo", "sex": null, "age": "2 years", "rescued": null, "status": "Adopted", "description": null, "profile": "", "neutered": null, "microchipped": null, "vaccinated": null, "adopted": true, "resident": null, "tagline": null, "health_checked": null, "image_url": null, "image": "tuxedo.jpg"}}, {"model": "cats.cat", "pk": 17, "fields": {"name": "Bandit", "sex": 2, "age": "Undetermined", "rescued": null, "status": "Adopted", "description": null, "profile": "", "neutered": null, "microchipped": null, "vaccinated": null, "adopted": true, "resident": null, "tagline": null, "health_checked": null, "image_url": null, "image": "bandit.jpg"}}, {"model": "cats.cat", "pk": 18, "fields": {"name": "Dorothy", "sex": 2, "age": "Undetermined", "rescued": null, "status": "Adopted", "description": null, "profile": "", "neutered": null, "microchipped": null, "vaccinated": null, "adopted": true, "resident": null, "tagline": null, "health_checked": null, "image_url": null, "image": "dorothy.jpg"}}, {"model": "cats.cat", "pk": 19, "fields": {"name": "Butter", "sex": null, "age": "Undetermined", "rescued": null, "status": "Adopted", "description": null, "profile": "", "neutered": null, "microchipped": null, "vaccinated": null, "adopted": true, "resident": null, "tagline": null, "health_checked": null, "image_url": null, "image": "butter.jpg"}}, {"model": "cats.cat", "pk": 20, "fields": {"name": "penny", "sex": null, "age": "8 weeks", "rescued": null, "status": "Adopted", "description": null, "profile": "", "neutered": null, "microchipped": null, "vaccinated": null, "adopted": true, "resident": null, "tagline": null, "health_checked": null, "image_url": null, "image": "penny.jpg"}}]